seed,min_cost,p_standard,p_blockwise
0,64.0,0.12500000010874388,0.5000000002485572
1,51.0,0.522613339092536,0.9330127018922195
2,26.0,0.520760556961838,0.9330127018922203
3,9.0,0.5226133390926759,0.9330127018922203
4,94.0,0.5207605569635716,0.9330127018922205
5,80.0,0.5058593750242735,0.8750000001242807
6,54.0,0.520760556958714,0.9330127018922203
7,62.0,0.5207605569635719,0.9330127018922203
8,33.0,0.5226133390927529,0.9330127018922203
9,87.0,0.5226133390926551,0.9330127018922195
