tsp_file,n,min_cost,p1_succ,beta1,gamma1,p2_succ,beta1_p2,gamma1_p2,beta2_p2,gamma2_p2
TSP/wi3_2.tsp,3,3132.0,0.07407407407407424,3.141592653589793,3.141592653589793,0.07407407407407432,3.141592653589793,3.141592653589793,3.141592653589793,0.0
